{
  "model/models.js": 1612436223836,
  "Component.js": 1612436223832,
  "i18n/i18n.properties": 1612436223836,
  "controller/Main.controller.js": 1612436223840,
  "manifest.json": 1612442249189,
  "manifest-bundle.zip": 1612442249025,
  "Component-preload.js": 1612442249170,
  "controller/Main-dbg.controller.js": 1612436223840,
  "model/models-dbg.js": 1612436223836,
  "Component-dbg.js": 1612436223832,
  "resources.json": 1612442249192,
  "view/Main.view.xml": 1612437109627,
  "css/style.css": 1612436223832,
  "index.html": 1612436223832
}